timestamp,client_id,session_id,user_message,bot_response,response_time_ms,knowledge_entries_used,user_ip,user_agent
2024-01-15 09:23:45,ChatBotGenius,session_001,"What are your business hours?","Our business hours are Monday through Friday from 9 AM to 6 PM EST. We're closed on weekends and major holidays.",450,3,192.168.1.100,Mozilla/5.0 (Windows NT 10.0; Win64; x64) AppleWebKit/537.36
2024-01-15 09:45:12,ChatBotGenius,session_002,"How much does your premium plan cost?","Our premium plan costs $99/month and includes advanced features like priority support, custom integrations, and unlimited API calls.",320,2,192.168.1.101,Mozilla/5.0 (Macintosh; Intel Mac OS X 10_15_7) AppleWebKit/537.36
2024-01-15 10:15:33,ChatBotGenius,session_003,"Do you offer customer support?","Yes! We offer 24/7 customer support via email, live chat, and phone. Premium customers get priority support with faster response times.",380,4,192.168.1.102,Mozilla/5.0 (Windows NT 10.0; Win64; x64) AppleWebKit/537.36
2024-01-15 10:47:21,ChatBotGenius,session_001,"Can I integrate this with my website?","Absolutely! We provide easy integration options including JavaScript widgets, REST APIs, and pre-built components for popular frameworks like React and Vue.",290,3,192.168.1.100,Mozilla/5.0 (Windows NT 10.0; Win64; x64) AppleWebKit/537.36
2024-01-15 11:12:08,ChatBotGenius,session_004,"What programming languages do you support?","We support integration with all major programming languages including JavaScript, Python, PHP, Java, C#, and Ruby through our REST API.",410,2,192.168.1.103,Mozilla/5.0 (iPhone; CPU iPhone OS 14_7_1 like Mac OS X) AppleWebKit/605.1.15
2024-01-15 11:33:55,ChatBotGenius,session_005,"How secure is your platform?","Security is our top priority. We use end-to-end encryption, SOC 2 compliance, GDPR compliance, and regular security audits to protect your data.",520,5,192.168.1.104,Mozilla/5.0 (Android 11; Mobile; rv:68.0) Gecko/68.0 Firefox/88.0
2024-01-15 12:05:17,ChatBotGenius,session_002,"What's included in the free plan?","Our free plan includes up to 1,000 messages per month, basic analytics, and email support. Perfect for small businesses getting started.",350,3,192.168.1.101,Mozilla/5.0 (Macintosh; Intel Mac OS X 10_15_7) AppleWebKit/537.36
2024-01-15 12:28:44,ChatBotGenius,session_006,"Can I customize the chatbot appearance?","Yes! You can fully customize the chatbot's appearance including colors, fonts, logo, chat bubble style, and positioning to match your brand.",480,4,192.168.1.105,Mozilla/5.0 (Windows NT 10.0; Win64; x64) Edge/91.0.864.59
2024-01-15 13:15:09,ChatBotGenius,session_007,"What analytics do you provide?","We provide comprehensive analytics including conversation volume, user satisfaction scores, most asked questions, response times, and conversion tracking.",390,6,192.168.1.106,Mozilla/5.0 (Macintosh; Intel Mac OS X 10_15_7) AppleWebKit/537.36
2024-01-15 13:42:30,ChatBotGenius,session_003,"How do I train the chatbot?","Training is easy! You can upload documents, add FAQ entries, connect knowledge bases, or use our web scraping feature to automatically learn from your website.",440,5,192.168.1.102,Mozilla/5.0 (Windows NT 10.0; Win64; x64) AppleWebKit/537.36
2024-01-15 14:07:52,ChatBotGenius,session_008,"Do you have mobile apps?","We don't have standalone mobile apps, but our chatbot widget is fully responsive and works perfectly on all mobile devices and tablets.",310,2,192.168.1.107,Mozilla/5.0 (iPhone; CPU iPhone OS 15_0 like Mac OS X) AppleWebKit/605.1.15
2024-01-15 14:31:18,ChatBotGenius,session_009,"What's your uptime guarantee?","We guarantee 99.9% uptime with our enterprise-grade infrastructure. We have redundant servers and automatic failover to ensure your chatbot is always available.",360,3,192.168.1.108,Mozilla/5.0 (Windows NT 10.0; Win64; x64) AppleWebKit/537.36
2024-01-15 15:05:44,ChatBotGenius,session_004,"Can I export conversation data?","Yes! You can export all conversation data in CSV or JSON format. This includes messages, timestamps, user information, and analytics data.",280,2,192.168.1.103,Mozilla/5.0 (iPhone; CPU iPhone OS 14_7_1 like Mac OS X) AppleWebKit/605.1.15
2024-01-15 15:29:13,ChatBotGenius,session_010,"What payment methods do you accept?","We accept all major credit cards (Visa, MasterCard, American Express), PayPal, and for enterprise customers, we also accept bank transfers and purchase orders.",340,3,192.168.1.109,Mozilla/5.0 (Android 12; Mobile; rv:68.0) Gecko/68.0 Firefox/90.0
2024-01-15 15:52:37,ChatBotGenius,session_001,"How many languages do you support?","We support over 50 languages including English, Spanish, French, German, Italian, Portuguese, Chinese, Japanese, Korean, and many more.",470,4,192.168.1.100,Mozilla/5.0 (Windows NT 10.0; Win64; x64) AppleWebKit/537.36
2024-01-15 16:18:21,ChatBotGenius,session_011,"What are your business hours?","Our business hours are Monday through Friday from 9 AM to 6 PM EST. We're closed on weekends and major holidays.",420,3,192.168.1.110,Mozilla/5.0 (Macintosh; Intel Mac OS X 10_16_0) AppleWebKit/537.36
2024-01-15 16:44:55,ChatBotGenius,session_005,"Can I try before buying?","Absolutely! We offer a 14-day free trial with full access to all features. No credit card required to get started.",270,2,192.168.1.104,Mozilla/5.0 (Android 11; Mobile; rv:68.0) Gecko/68.0 Firefox/88.0
2024-01-15 17:10:08,ChatBotGenius,session_012,"How do I cancel my subscription?","You can cancel your subscription anytime from your account dashboard. There are no cancellation fees, and you'll continue to have access until the end of your billing period.",380,3,192.168.1.111,Mozilla/5.0 (Windows NT 10.0; Win64; x64) AppleWebKit/537.36
2024-01-15 17:35:42,ChatBotGenius,session_006,"What's the setup time?","Setup is typically completed within 15-30 minutes. Our setup wizard guides you through the process, and our support team is available to help if needed.",330,3,192.168.1.105,Mozilla/5.0 (Windows NT 10.0; Win64; x64) Edge/91.0.864.59
2024-01-15 18:02:16,ChatBotGenius,session_013,"Do you offer white-label solutions?","Yes! Our enterprise plan includes white-label options where you can completely rebrand the chatbot with your own logo, colors, and domain name.",450,4,192.168.1.112,Mozilla/5.0 (Macintosh; Intel Mac OS X 10_15_7) AppleWebKit/537.36
2024-01-16 08:15:33,ChatBotGenius,session_014,"What are your business hours?","Our business hours are Monday through Friday from 9 AM to 6 PM EST. We're closed on weekends and major holidays.",380,3,192.168.1.113,Mozilla/5.0 (Windows NT 10.0; Win64; x64) AppleWebKit/537.36
2024-01-16 08:42:17,ChatBotGenius,session_015,"How much does your premium plan cost?","Our premium plan costs $99/month and includes advanced features like priority support, custom integrations, and unlimited API calls.",340,2,192.168.1.114,Mozilla/5.0 (iPhone; CPU iPhone OS 15_2 like Mac OS X) AppleWebKit/605.1.15
2024-01-16 09:08:29,ChatBotGenius,session_016,"Can I integrate this with Shopify?","Yes! We have a native Shopify integration that takes just a few clicks to set up. You can also use our REST API for custom Shopify integrations.",420,3,192.168.1.115,Mozilla/5.0 (Android 12; Mobile; rv:68.0) Gecko/68.0 Firefox/91.0
2024-01-16 09:33:55,ChatBotGenius,session_014,"What analytics do you provide?","We provide comprehensive analytics including conversation volume, user satisfaction scores, most asked questions, response times, and conversion tracking.",410,6,192.168.1.113,Mozilla/5.0 (Windows NT 10.0; Win64; x64) AppleWebKit/537.36
2024-01-16 10:01:12,ChatBotGenius,session_017,"Do you have an API?","Yes! We provide a comprehensive REST API with endpoints for sending messages, managing knowledge bases, accessing analytics, and more. Full documentation is available.",350,4,192.168.1.116,Mozilla/5.0 (Macintosh; Intel Mac OS X 10_15_7) AppleWebKit/537.36
2024-01-16 10:27:48,ChatBotGenius,session_018,"How do I train the chatbot?","Training is easy! You can upload documents, add FAQ entries, connect knowledge bases, or use our web scraping feature to automatically learn from your website.",460,5,192.168.1.117,Mozilla/5.0 (Windows NT 10.0; Win64; x64) Edge/92.0.902.67
2024-01-16 10:54:23,ChatBotGenius,session_015,"What's included in the free plan?","Our free plan includes up to 1,000 messages per month, basic analytics, and email support. Perfect for small businesses getting started.",320,3,192.168.1.114,Mozilla/5.0 (iPhone; CPU iPhone OS 15_2 like Mac OS X) AppleWebKit/605.1.15
2024-01-16 11:19:07,ChatBotGenius,session_019,"Can I customize the chatbot appearance?","Yes! You can fully customize the chatbot's appearance including colors, fonts, logo, chat bubble style, and positioning to match your brand.",490,4,192.168.1.118,Mozilla/5.0 (Android 11; Mobile; rv:68.0) Gecko/68.0 Firefox/89.0
2024-01-16 11:45:34,ChatBotGenius,session_020,"What payment methods do you accept?","We accept all major credit cards (Visa, MasterCard, American Express), PayPal, and for enterprise customers, we also accept bank transfers and purchase orders.",300,3,192.168.1.119,Mozilla/5.0 (Windows NT 10.0; Win64; x64) AppleWebKit/537.36
2024-01-16 12:12:18,ChatBotGenius,session_016,"Do you offer customer support?","Yes! We offer 24/7 customer support via email, live chat, and phone. Premium customers get priority support with faster response times.",370,4,192.168.1.115,Mozilla/5.0 (Android 12; Mobile; rv:68.0) Gecko/68.0 Firefox/91.0
2024-01-16 12:38:45,ChatBotGenius,session_021,"How secure is your platform?","Security is our top priority. We use end-to-end encryption, SOC 2 compliance, GDPR compliance, and regular security audits to protect your data.",540,5,192.168.1.120,Mozilla/5.0 (Macintosh; Intel Mac OS X 10_16_0) AppleWebKit/537.36